,time,station,asteroid,A,B,C,oppo_id
8,3.334,1,311,0.448262,0.474782,0.499505,1
13,3.963,1,138,0.403538,0.355749,0.303305,1
14,4.222,1,26,0.459925,0.474737,0.489038,1
26,5.295,1,37,0.47483,0.449379,0.42269,1
29,5.43,1,195,0.471426,0.514896,0.5533,1
35,5.886,1,28,0.483245,0.519897,0.553213,2
38,6.022,1,45,0.375637,0.289147,0.188385,1
66,7.218,1,235,0.334791,0.238686,0.123952,1
80,7.662,1,338,0.4456,0.465767,0.484926,1
81,7.674,1,177,0.37009,0.306523,0.23458,1
82,7.674,1,186,0.354216,0.189669,0.0,1
86,7.872,1,225,0.309087,0.296577,0.283598,1
88,7.896,1,81,0.162159,0.0666,0.0,1
98,8.266,1,223,0.362972,0.343517,0.323115,1
116,8.796,1,333,0.490118,0.544958,0.591462,1
123,8.981,1,208,0.293298,0.098721,0.0,1
143,9.524,1,320,0.459748,0.472315,0.484518,1
155,9.931,1,13,0.300325,0.073018,0.0,1
163,10.152,1,82,0.423348,0.425269,0.42718,1
323,13.284,1,18,0.24707,0.0,0.0,1
329,13.408,1,11,0.244052,0.06652,0.0,1
345,13.765,1,50,0.525478,0.572867,0.614892,1
386,14.32,1,137,0.283379,0.0,0.0,1
392,14.369,1,138,0.291039,0.080529,0.0,2
404,14.665,1,159,0.240691,0.002315,0.0,1
410,14.825,1,32,0.460259,0.445133,0.429541,1
411,14.825,1,175,0.384091,0.384147,0.384202,1
426,14.973,1,269,0.304213,0.219665,0.119104,1
440,15.171,1,26,0.338692,0.20758,0.045239,2
442,15.171,1,340,0.446941,0.475954,0.502776,1
456,15.319,1,54,0.467413,0.506301,0.541218,1
469,15.689,1,196,0.3164,0.273187,0.225239,1
471,15.701,1,297,0.319946,0.207894,0.070893,1
487,15.873,1,22,0.320891,0.250297,0.168444,1
493,15.923,1,322,0.482613,0.487912,0.493152,1
499,16.009,1,311,0.388231,0.354271,0.317756,2
504,16.034,1,37,0.334305,0.115097,0.0,2
509,16.095,1,39,0.248978,0.0,0.0,2
527,16.354,1,244,0.371957,0.317343,0.256381,1
531,16.428,1,36,0.384871,0.420359,0.451712,1
536,16.576,1,40,0.423327,0.393648,0.362131,1
538,16.589,1,328,0.441741,0.49311,0.536214,1
540,16.601,1,268,0.400643,0.29556,0.171388,1
547,16.7,1,146,0.279571,0.073875,0.0,1
569,16.946,1,195,0.354887,0.276814,0.186289,2
572,16.971,1,339,0.545302,0.621512,0.681153,1
577,17.032,1,310,0.505401,0.557506,0.602556,1
581,17.069,1,334,0.506856,0.579034,0.634959,1
595,17.193,1,169,0.425098,0.415313,0.405313,1
631,17.797,1,43,0.338984,0.231254,0.101089,1
632,17.822,1,91,0.419137,0.440711,0.461038,2
656,18.093,1,28,0.500429,0.55047,0.594014,3
658,18.117,1,63,0.348418,0.368446,0.387161,1
659,18.117,1,330,0.542397,0.589063,0.630756,1
660,18.13,1,76,0.47502,0.488472,0.501519,1
663,18.142,1,255,0.461727,0.501127,0.536373,1
666,18.179,1,186,0.449709,0.413019,0.37373,2
689,18.475,1,323,0.325281,0.164111,0.0,1
705,18.66,1,177,0.466952,0.503763,0.537059,2
708,18.685,1,296,0.29672,0.225922,0.143127,1
716,18.808,1,337,0.463746,0.478233,0.492237,1
719,18.857,1,58,0.406021,0.344995,0.276739,1
724,18.944,1,45,0.361175,0.254986,0.12786,2
728,18.993,1,235,0.41259,0.40987,0.407133,2
756,19.289,1,326,0.285796,0.198404,0.093296,1
767,19.424,1,225,0.358213,0.391003,0.420008,2
778,19.585,1,208,0.371705,0.293665,0.203613,2
782,19.609,1,197,0.365357,0.223922,0.048801,1
783,19.634,1,41,0.249844,0.024103,0.0,1
804,19.881,1,223,0.388347,0.395047,0.401627,2
815,20.053,1,13,0.377576,0.270057,0.141816,2
824,20.164,1,27,0.313619,0.157235,0.0,1
831,20.189,1,185,0.317574,0.134903,0.0,1
834,20.201,1,192,0.366846,0.393834,0.418455,1
846,20.324,1,68,0.226582,0.089813,0.0,1
857,20.46,1,314,0.260632,0.225475,0.186504,1
867,20.596,1,333,0.403814,0.381082,0.357194,2
868,20.62,1,309,0.440098,0.436695,0.433266,1
871,20.645,1,174,0.399758,0.409894,0.419758,1
873,20.657,1,247,0.334958,0.142287,0.0,1
874,20.67,1,153,0.302939,0.166754,0.0,1
875,20.67,1,304,0.564841,0.623418,0.674,1
876,20.67,1,338,0.44607,0.466661,0.486198,2
879,20.719,1,81,0.166329,0.077452,0.0,2
881,20.744,1,188,0.285427,0.198825,0.094765,1
884,20.781,1,220,0.316986,0.322455,0.327826,1
885,20.793,1,88,0.186656,0.0,0.0,1
887,20.818,1,61,0.540014,0.590885,0.635658,1
888,20.818,1,69,0.204976,0.0,0.0,1
892,20.842,1,318,0.345813,0.379515,0.40899,1
898,20.916,1,213,0.262548,0.211029,0.151979,1
918,21.163,1,70,0.350826,0.231524,0.086186,1
998,21.952,1,320,0.499866,0.546624,0.58783,2
1002,22.038,1,239,0.328767,0.335783,0.342643,1
1018,22.211,1,60,0.26909,0.196722,0.110969,1
1026,22.273,1,42,0.464572,0.462562,0.460544,1
1130,23.284,2,137,0.439242,0.389337,0.334737,2
1148,23.469,2,159,0.334651,0.246138,0.141449,2
1191,23.888,2,138,0.403042,0.35466,0.301513,3
1231,24.258,2,233,0.398276,0.335612,0.265247,1
1279,24.714,2,32,0.492899,0.510187,0.526821,2
1294,24.812,2,175,0.346204,0.304646,0.258993,2
1297,24.837,2,50,0.362224,0.226863,0.060012,2
1362,25.404,2,146,0.221193,0.0,0.0,2
1384,25.589,2,51,0.39984,0.3935,0.387064,1
1386,25.589,2,147,0.271476,0.093465,0.0,1
1394,25.676,2,258,0.238228,0.095287,0.0,1
1401,25.75,2,37,0.460999,0.419988,0.375846,3
1403,25.787,2,14,0.475028,0.508506,0.539196,1
1420,25.873,2,269,0.332918,0.285753,0.233263,2
1422,25.885,2,178,0.289429,0.294123,0.298739,1
1441,26.058,2,73,0.160201,0.0,0.0,1
1453,26.132,2,266,0.529509,0.578688,0.622082,1
1457,26.181,2,26,0.375161,0.294897,0.202101,3
1468,26.292,2,312,0.408686,0.420259,0.431484,1
1470,26.304,2,196,0.368,0.380205,0.391975,2
1476,26.341,2,212,0.338094,0.328662,0.31898,1
1492,26.452,2,54,0.380442,0.332288,0.279178,2
1497,26.502,2,133,0.213896,0.050171,0.0,1
1505,26.613,2,39,0.38622,0.308935,0.22018,2
1513,26.699,2,168,0.249654,0.110364,0.0,1
1521,26.773,2,244,0.432608,0.444006,0.455086,2
1535,26.835,2,297,0.377889,0.341427,0.301979,2
1539,26.859,2,322,0.512239,0.544659,0.574703,2
1561,26.995,2,340,0.372317,0.324577,0.271871,2
1566,27.069,2,169,0.302713,0.130695,0.0,2
1570,27.081,2,40,0.357796,0.244955,0.108739,1
1603,27.328,2,268,0.440802,0.387173,0.3282,2
1610,27.365,2,22,0.383101,0.384421,0.385736,4
1615,27.414,2,301,0.470952,0.456649,0.441936,1
1632,27.574,2,36,0.266039,0.169425,0.050765,2
1653,27.759,2,311,0.408241,0.396349,0.384129,3
1676,27.944,2,195,0.392329,0.36032,0.326045,3
1677,27.944,2,226,0.234911,0.20479,0.171535,1
1680,27.957,2,186,0.351534,0.18285,0.0,3
1681,27.957,2,264,0.27958,0.198679,0.102006,1
1687,28.03,2,91,0.267165,0.096042,0.0,3
1690,28.043,2,328,0.341351,0.298145,0.250492,2
1697,28.092,2,76,0.33189,0.166395,0.0,2
1707,28.166,2,43,0.435802,0.44332,0.450704,2
1710,28.191,2,265,0.424993,0.453604,0.47996,1
1719,28.252,2,310,0.412636,0.377761,0.340339,2
1740,28.351,2,291,0.245918,0.248095,0.250252,1
1751,28.511,2,330,0.52012,0.548244,0.574649,2
1753,28.536,2,63,0.294774,0.259389,0.220519,2
1764,28.598,2,339,0.542323,0.616829,0.675633,2
1793,28.832,2,235,0.331569,0.230967,0.110084,3
1810,28.906,2,315,0.524406,0.5669,0.605196,1
1822,29.042,2,87,0.342021,0.18001,0.0,1
1830,29.091,2,208,0.483714,0.523611,0.559477,2
1831,29.091,2,323,0.444336,0.437292,0.430138,1
1834,29.14,2,293,0.355727,0.211171,0.031062,1
1841,29.177,2,177,0.312917,0.169443,0.0,3
1851,29.214,2,334,0.469711,0.518136,0.560005,2
1863,29.276,2,28,0.438566,0.434169,0.429728,3
1884,29.485,2,9,0.223051,0.029075,0.0,1
1902,29.621,2,216,0.36224,0.244464,0.10177,1
1905,29.646,2,313,0.369778,0.319275,0.263238,1
1947,29.892,2,41,0.395936,0.379401,0.362228,2
1952,29.954,2,75,0.376928,0.293239,0.19611,2
1966,30.077,2,225,0.277049,0.226898,0.169862,3
1971,30.114,2,255,0.456634,0.491954,0.523979,2
1980,30.164,2,65,0.445126,0.41764,0.388634,1
1986,30.188,2,296,0.347806,0.338103,0.328143,2
1991,30.213,2,290,0.391293,0.367668,0.342763,1
2013,30.373,2,69,0.397,0.379908,0.362136,2
2017,30.385,2,223,0.383272,0.385011,0.386742,3
2034,30.496,2,197,0.436593,0.389748,0.338703,2
2045,30.558,2,326,0.293346,0.216405,0.125488,2
2207,31.705,3,325,0.494677,0.554022,0.603359,1
2212,31.754,3,79,0.201896,0.10058,0.0,1
2218,31.766,3,309,0.41601,0.386844,0.355872,2
2219,31.779,3,89,0.331206,0.203888,0.046386,2
2229,31.865,3,194,0.348827,0.257334,0.149222,1
2236,31.902,3,83,0.392409,0.334112,0.268973,2
2246,31.976,3,166,0.257637,0.144852,0.002952,1
2257,32.05,3,62,0.359861,0.267837,0.159402,3
2264,32.124,3,155,0.354431,0.189784,0.0,2
2265,32.124,3,236,0.323124,0.168073,0.0,1
2285,32.235,3,82,0.345803,0.25662,0.151435,2
2289,32.247,3,141,0.32246,0.10978,0.0,1
2299,32.321,3,210,0.376297,0.227547,0.042874,1
2333,32.555,3,190,0.264833,0.170721,0.055446,1
2361,32.74,3,11,0.244052,0.06652,0.0,3
2363,32.765,3,222,0.274611,0.278493,0.282319,2
2392,32.938,3,229,0.414325,0.44968,0.481307,1
2420,33.11,3,137,0.303803,0.055142,0.0,3
2436,33.209,3,6,0.321728,0.116867,0.0,1
2478,33.48,3,138,0.29203,0.083201,0.0,3
2489,33.554,3,159,0.257032,0.047817,0.0,3
2498,33.604,3,233,0.330325,0.172839,0.0,2
2569,34.023,3,73,0.118552,0.0,0.0,2
2619,34.343,3,286,0.30147,0.113995,0.0,1
2652,34.578,3,161,0.20525,0.0,0.0,1
2689,34.775,3,152,0.325712,0.227657,0.109944,1
2706,34.898,3,258,0.298625,0.243448,0.180571,2
2752,35.157,3,146,0.32455,0.190844,0.023959,2
2761,35.194,3,263,0.365102,0.39026,0.413379,1
2769,35.268,3,147,0.33707,0.257353,0.164216,2
2796,35.453,3,37,0.332645,0.110676,0.0,3
2815,35.589,3,39,0.246967,0.0,0.0,3
2846,35.749,3,269,0.40572,0.433677,0.459367,3
2858,35.823,3,50,0.456409,0.440262,0.42358,3
2864,35.848,3,133,0.3132,0.290799,0.266986,2
2867,35.872,3,32,0.392873,0.296636,0.183772,3
2869,35.872,3,78,0.480237,0.494306,0.507936,1
2873,35.872,3,316,0.493463,0.499922,0.506294,1
2876,35.897,3,31,0.518197,0.570662,0.6162,1
2895,36.008,3,175,0.323642,0.253751,0.172868,3
2905,36.057,3,178,0.191297,0.067321,0.0,2
2916,36.168,3,212,0.364656,0.38116,0.396838,2
2917,36.168,3,215,0.479124,0.490795,0.502166,1
2921,36.193,3,14,0.358855,0.264731,0.153511,2
2927,36.217,3,26,0.486537,0.524531,0.558941,5
2939,36.304,3,168,0.333102,0.307853,0.280928,2
2966,36.427,3,312,0.455744,0.505964,0.548716,2
2971,36.452,3,335,0.514382,0.551034,0.584593,1
2982,36.538,3,196,0.338851,0.321594,0.303535,3
2986,36.587,3,51,0.329618,0.238755,0.130783,2
3003,36.698,3,246,0.528422,0.596936,0.652377,1
3024,36.785,3,266,0.361979,0.223807,0.053032,2
3029,36.809,3,12,0.268552,0.192694,0.102299,1
3044,36.871,3,22,0.26503,0.112582,0.0,1
3060,36.994,3,297,0.468682,0.517853,0.560204,3
3070,37.08,3,244,0.361227,0.293114,0.215347,3
3073,37.105,3,262,0.350274,0.345133,0.339918,1
3087,37.167,3,40,0.442335,0.433219,0.423923,2
3095,37.204,3,169,0.402452,0.367844,0.330671,3
3105,37.241,3,25,0.347041,0.224609,0.074782,1
3108,37.253,3,268,0.45654,0.421278,0.383637,3
3118,37.339,3,54,0.436385,0.448314,0.459896,2
3138,37.438,3,80,0.345561,0.359623,0.37306,1
3143,37.463,3,35,0.424521,0.409502,0.393986,1
3144,37.463,3,66,0.441833,0.406428,0.368556,1
3179,37.648,3,186,0.446491,0.406104,0.362589,3
3181,37.648,3,322,0.508536,0.537767,0.565082,3
3211,37.894,3,87,0.223376,0.0,0.0,2
3253,38.141,3,195,0.476574,0.52393,0.565189,3
3263,38.215,3,43,0.325696,0.19873,0.041382,3
3271,38.239,3,17,0.436449,0.367779,0.29067,1
3277,38.264,3,291,0.186482,0.1158,0.028518,2
3282,38.326,3,226,0.283738,0.303513,0.321663,2
3295,38.363,3,274,0.327196,0.306992,0.285671,1
3296,38.363,3,287,0.354109,0.188536,0.0,1
3325,38.486,3,301,0.472564,0.459961,0.447038,2
3334,38.548,3,52,0.373735,0.230068,0.052343,1
3517,39.559,4,162,0.222223,0.0,0.0,1
3520,39.571,4,63,0.278826,0.223573,0.160182,3
3536,39.67,4,330,0.433728,0.370793,0.300612,3
3542,39.707,4,75,0.49141,0.529785,0.564539,2
3551,39.756,4,315,0.572548,0.648815,0.709853,2
3554,39.768,4,88,0.188706,0.0,0.0,3
3557,39.805,4,296,0.402456,0.441935,0.47642,3
3566,39.842,4,185,0.31301,0.122938,0.0,3
3571,39.867,4,28,0.445931,0.44892,0.451889,4
3575,39.892,4,339,0.459405,0.470595,0.481498,3
3579,39.941,4,326,0.394669,0.427221,0.456486,3
3581,39.953,4,151,0.146162,0.0,0.0,2
3583,39.966,4,68,0.247838,0.144335,0.014918,3
3589,39.99,4,13,0.332988,0.159444,0.0,3
3600,40.04,4,27,0.366271,0.285693,0.192264,3
3616,40.114,4,247,0.320517,0.104141,0.0,3
3618,40.126,4,10,0.209993,0.01185,0.0,1
3622,40.138,4,252,0.362965,0.389945,0.414528,1
3625,40.163,4,144,0.225035,0.180877,0.130264,2
3639,40.225,4,245,0.270202,0.04658,0.0,1
3641,40.262,4,223,0.364664,0.347057,0.328672,4
3653,40.311,4,18,0.246524,0.0,0.0,3
3664,40.348,4,188,0.270764,0.162987,0.029061,2
3671,40.372,4,225,0.307307,0.292874,0.277819,3
3689,40.459,4,153,0.29793,0.154045,0.0,3
3696,40.496,4,334,0.455036,0.492239,0.525725,3
3698,40.508,4,180,0.449482,0.407474,0.362119,1
3709,40.545,4,65,0.528692,0.57919,0.623523,2
3728,40.681,4,164,0.38731,0.418694,0.446978,2
3742,40.755,4,163,0.28582,0.019029,0.0,1
3752,40.816,4,174,0.35401,0.31547,0.273432,3
3753,40.829,4,7,0.239224,0.205333,0.167615,1
3766,40.89,4,255,0.48071,0.534227,0.579668,3
3772,40.915,4,8,0.340753,0.237365,0.113134,1
3781,40.952,4,290,0.443113,0.470431,0.495808,2
3806,41.112,4,141,0.293061,0.02971,0.0,2
3811,41.162,4,166,0.22838,0.068769,0.0,2
3828,41.223,4,155,0.31256,0.07997,0.0,3
3829,41.236,4,58,0.512216,0.55806,0.598765,3
3840,41.297,4,70,0.484638,0.51765,0.548022,2
3866,41.384,4,74,0.270074,0.287823,0.304213,2
3872,41.408,4,210,0.314154,0.065463,0.0,2
3887,41.47,4,45,0.477367,0.50318,0.527415,3
3890,41.47,4,321,0.443792,0.466634,0.488157,1
3915,41.618,4,192,0.312638,0.286214,0.257861,3
3929,41.716,4,190,0.240594,0.109622,0.0,2
3975,41.914,4,137,0.358086,0.198171,0.0,4
3980,41.926,4,337,0.475684,0.500995,0.524787,3
3991,42.025,4,219,0.280119,0.238504,0.192005,2
3993,42.037,4,158,0.269124,0.247167,0.223655,1
4010,42.148,4,6,0.319088,0.109857,0.0,2
4029,42.234,4,21,0.453265,0.416284,0.376685,1
4035,42.259,4,84,0.395407,0.354827,0.310745,1
4043,42.296,4,159,0.25794,0.050306,0.0,4
4045,42.296,4,239,0.28492,0.244068,0.198557,2
4075,42.432,4,61,0.478008,0.473765,0.469485,3
4076,42.432,4,304,0.47449,0.450954,0.426351,3
4091,42.506,4,213,0.317766,0.327693,0.337289,3
4096,42.543,4,11,0.33064,0.280366,0.22408,3
4102,42.567,4,79,0.262316,0.242433,0.22123,2
4125,42.653,4,81,0.248677,0.261477,0.273538,2
4128,42.653,4,318,0.284502,0.260037,0.233759,3
4145,42.777,4,161,0.195651,0.0,0.0,2
4150,42.789,4,85,0.431883,0.477193,0.516219,2
4156,42.826,4,325,0.41538,0.407316,0.399102,2
4159,42.851,4,221,0.249041,0.20897,0.163886,3
4165,42.875,4,138,0.412954,0.376217,0.336676,4
4175,42.925,4,314,0.315075,0.336035,0.355365,3
4183,42.962,4,220,0.336317,0.359226,0.380303,3
4204,43.097,4,338,0.506282,0.572384,0.625727,4
4205,43.11,4,56,0.454219,0.432288,0.409388,1
4220,43.171,4,42,0.384408,0.287772,0.174118,3
4251,43.295,4,194,0.388517,0.347437,0.302721,2
4254,43.319,4,48,0.299938,0.251678,0.19738,1
4259,43.332,4,333,0.433997,0.442375,0.450585,3
4260,43.344,4,60,0.32728,0.324375,0.321444,3
4287,43.455,4,236,0.391175,0.33101,0.263584,2
4303,43.529,4,165,0.316526,0.304525,0.2921,1
4310,43.541,4,320,0.408239,0.366343,0.32083,4
4315,43.578,4,73,0.304213,0.107059,0.0,4
4327,43.628,4,271,0.427257,0.397904,0.366766,1
4339,43.689,4,309,0.452387,0.461121,0.469679,3
4342,43.726,4,89,0.361042,0.275656,0.175895,2
4361,43.812,4,229,0.392305,0.408991,0.424898,2
4406,44.034,4,83,0.381075,0.308493,0.225544,3
4428,44.158,4,62,0.372969,0.298335,0.212626,4
4429,44.158,4,146,0.214016,0.0,0.0,3
4456,44.281,4,152,0.310358,0.190214,0.041455,2
4476,44.355,4,82,0.352343,0.271945,0.178369,4
4744,45.588,5,263,0.277501,0.206538,0.122921,1
4756,45.65,5,269,0.305877,0.223616,0.12614,4
4802,45.859,5,209,0.345498,0.158579,0.0,1
4804,45.872,5,175,0.410485,0.435112,0.458043,4
4806,45.884,5,51,0.43315,0.458413,0.481992,2
4813,45.921,5,26,0.337707,0.205137,0.040698,4
4830,45.995,5,169,0.302713,0.130695,0.0,3
4845,46.056,5,331,0.274482,0.263725,0.252576,1
4863,46.118,5,335,0.411848,0.341109,0.261049,2
4900,46.266,5,66,0.267576,0.0,0.0,2
4906,46.278,5,14,0.41767,0.395842,0.372976,3
4915,46.303,5,31,0.440563,0.422732,0.404232,1
4925,46.377,5,35,0.290681,0.092161,0.0,2
4943,46.463,5,40,0.352294,0.231603,0.08444,3
4958,46.537,5,186,0.352607,0.185581,0.0,4
4960,46.55,5,196,0.334519,0.312473,0.289135,4
4965,46.574,5,262,0.406601,0.450465,0.488001,2
4968,46.587,5,212,0.292668,0.229466,0.156324,3
4973,46.624,5,316,0.480509,0.474018,0.467442,1
4974,46.636,5,227,0.375771,0.231322,0.052628,1
4976,46.648,5,54,0.421812,0.41951,0.417196,3
4991,46.698,5,80,0.221604,0.076295,0.0,2
4997,46.722,5,266,0.467014,0.460158,0.453205,3
5032,46.895,5,295,0.231594,0.0,0.0,1
5044,46.944,5,244,0.399017,0.376014,0.351816,4
5054,46.981,5,297,0.328159,0.227813,0.107125,4
5055,46.981,5,312,0.347114,0.291264,0.228426,3
5058,46.994,5,246,0.394135,0.33897,0.277636,1
5062,47.006,5,287,0.369686,0.227576,0.051776,2
5085,47.092,5,274,0.235824,0.09004,0.0,2
5087,47.104,5,15,0.205761,0.018837,0.0,1
5091,47.104,5,270,0.245876,0.0,0.0,1
5093,47.117,5,20,0.364524,0.19629,0.0,2
5103,47.166,5,25,0.453592,0.460004,0.466324,2
5104,47.166,5,268,0.401729,0.298122,0.175926,4
5109,47.191,5,87,0.381569,0.277244,0.153391,3
5118,47.228,5,193,0.223899,0.005695,0.0,2
5126,47.277,5,22,0.340358,0.294447,0.243555,4
5141,47.339,5,329,0.440746,0.438839,0.436924,1
5162,47.462,5,216,0.38363,0.2953,0.192394,3
5166,47.487,5,36,0.270624,0.180627,0.071291,4
5172,47.511,5,17,0.44362,0.38378,0.317447,2
5177,47.524,5,30,0.455084,0.437829,0.419965,1
5185,47.561,5,69,0.282886,0.111106,0.0,3
5200,47.635,5,9,0.201722,0.0,0.0,3
5227,47.746,5,280,0.301024,0.186927,0.046034,1
5230,47.77,5,91,0.318115,0.224586,0.112616,3
5233,47.77,5,322,0.482613,0.487912,0.493152,4
5251,47.844,5,264,0.289204,0.221412,0.142284,3
5270,47.918,5,226,0.218345,0.167163,0.107422,3
5278,47.955,5,41,0.409176,0.406478,0.403764,4
5297,48.017,5,195,0.354887,0.276814,0.186289,4
5303,48.042,5,43,0.398309,0.366391,0.33225,4
5309,48.066,5,301,0.537059,0.583641,0.625209,3
5331,48.177,5,49,0.300427,0.316412,0.331439,1
5338,48.189,5,293,0.372984,0.253541,0.109092,2
5339,48.189,5,317,0.345729,0.33306,0.319958,1
5343,48.202,5,187,0.396403,0.355722,0.311528,2
5347,48.226,5,142,0.173782,0.0,0.0,3
5387,48.424,5,151,0.352257,0.209111,0.030759,3
5416,48.584,5,162,0.402996,0.396131,0.389153,2
5433,48.658,5,291,0.208906,0.169117,0.123644,2
5445,48.695,5,52,0.41066,0.318643,0.211747,2
5447,48.695,5,254,0.296118,0.156757,0.0,1
5455,48.732,5,38,0.316495,0.202384,0.062358,2
5470,48.781,5,177,0.327092,0.20486,0.054192,4
5471,48.781,5,203,0.296414,0.255931,0.211011,1
5504,48.929,5,340,0.476422,0.528372,0.572713,3
5513,48.979,5,59,0.460904,0.452505,0.443959,1
5537,49.053,5,311,0.486887,0.543243,0.590596,4
5542,49.065,5,245,0.260608,0.019971,0.0,1
5543,49.065,5,323,0.38731,0.314279,0.230896,3
5562,49.164,5,23,0.414986,0.333554,0.24022,1
5804,50.187,6,65,0.400209,0.318558,0.22461,3
5809,50.199,6,210,0.418641,0.329076,0.225524,3
5814,50.236,6,13,0.435125,0.400258,0.362961,4
5823,50.298,6,185,0.374876,0.277374,0.16227,4
5828,50.323,6,276,0.297956,0.156818,0.0,1
5844,50.396,6,145,0.238159,0.0,0.0,1
5851,50.409,6,247,0.424813,0.36022,0.287903,4
5859,50.433,6,63,0.323409,0.319792,0.316136,4
5861,50.433,6,144,0.216562,0.161183,0.095927,3
5866,50.458,6,164,0.299788,0.239212,0.169581,3
5872,50.483,6,140,0.36095,0.254827,0.12778,1
5873,50.483,6,182,0.376409,0.276851,0.159099,1
5875,50.483,6,290,0.39221,0.369599,0.345814,3
5881,50.507,6,330,0.499473,0.508604,0.517561,3
5883,50.532,6,7,0.194085,0.097306,0.0,2
5885,50.532,6,68,0.257367,0.167889,0.058588,4
5925,50.717,6,55,0.398513,0.335103,0.263831,1
5931,50.729,6,273,0.476864,0.46874,0.460483,1
5941,50.766,6,45,0.364666,0.263317,0.142772,4
5950,50.816,6,8,0.347849,0.254301,0.143449,1
5965,50.853,6,158,0.249219,0.20317,0.150696,2
5968,50.865,6,58,0.407042,0.347277,0.280564,4
5993,50.964,6,74,0.1772,0.081925,0.0,3
5995,50.976,6,84,0.22367,0.0,0.0,2
5996,50.976,6,190,0.276952,0.199981,0.108431,3
6003,51.013,6,137,0.344649,0.1639,0.0,5
6022,51.087,6,339,0.480755,0.511183,0.53938,4
6033,51.149,6,27,0.32956,0.197469,0.033184,4
6038,51.173,6,21,0.333766,0.13109,0.0,2
6060,51.26,6,11,0.245717,0.071008,0.0,4
6063,51.26,6,219,0.358568,0.394424,0.425624,3
6072,51.297,6,73,0.147656,0.0,0.0,4
6076,51.309,6,239,0.366554,0.405231,0.4385,3
6083,51.334,6,70,0.358785,0.250774,0.121108,3
6084,51.334,6,79,0.208125,0.116405,0.000908,3
6085,51.334,6,153,0.336636,0.24908,0.145718,3
6089,51.346,6,255,0.508027,0.57883,0.634318,4
6091,51.358,6,214,0.443442,0.481282,0.515132,1
6095,51.383,6,161,0.324987,0.156671,0.0,3
6134,51.555,6,192,0.366846,0.393834,0.418455,4
6138,51.568,6,159,0.28926,0.133733,0.0,5
6151,51.617,6,334,0.472921,0.523662,0.56714,4
6165,51.666,6,213,0.233916,0.142728,0.029721,4
6176,51.716,6,321,0.489368,0.547569,0.596084,2
6183,51.753,6,138,0.301446,0.108366,0.0,5
6214,51.888,6,67,0.314605,0.241515,0.156283,1
6267,52.073,6,56,0.358345,0.212725,0.031291,2
6273,52.098,6,6,0.315919,0.101407,0.0,3
6284,52.123,6,81,0.164505,0.072722,0.0,3
6290,52.16,6,221,0.320983,0.352675,0.380322,3
6332,52.345,6,314,0.303085,0.313427,0.323389,4
6356,52.431,6,337,0.532393,0.600441,0.655806,4
6360,52.456,6,146,0.386756,0.337165,0.282414,4
6361,52.456,6,165,0.228871,0.099605,0.0,2
6371,52.505,6,85,0.340231,0.297167,0.24967,3
6392,52.604,6,220,0.358065,0.397725,0.431445,4
6417,52.702,6,271,0.528113,0.589525,0.641058,2
6419,52.714,6,148,0.153918,0.0,0.0,2
6421,52.714,6,236,0.487334,0.525751,0.560501,3
6462,52.875,6,48,0.361882,0.379874,0.396866,2
6467,52.887,6,152,0.324809,0.225487,0.106032,3
6474,52.912,6,258,0.272466,0.181857,0.071776,4
6478,52.924,6,194,0.485852,0.537116,0.581212,3
6502,52.986,6,304,0.541152,0.581376,0.618028,3
6511,53.047,6,61,0.51596,0.547344,0.576531,4
6563,53.245,6,286,0.314743,0.148643,0.0,3
6588,53.331,6,333,0.490589,0.545757,0.592478,4
6612,53.43,6,318,0.320608,0.333358,0.345555,4
6613,53.43,6,325,0.428049,0.432748,0.437396,3
6634,53.516,6,338,0.485114,0.537163,0.581762,5
6641,53.565,6,237,0.323482,0.156996,0.0,1
6642,53.565,6,241,0.297422,0.111364,0.0,1
6652,53.615,6,5,0.370461,0.242607,0.086569,1
6653,53.615,6,147,0.333026,0.247864,0.147516,3
6675,53.689,6,189,0.435986,0.380083,0.318363,1
6680,53.713,6,42,0.458366,0.450014,0.441515,3
6687,53.75,6,2,0.195502,0.20928,0.221911,1
6719,53.898,6,133,0.311718,0.287642,0.261941,4
6729,53.935,6,229,0.38815,0.401024,0.413439,3
6740,53.972,6,233,0.484348,0.512597,0.538963,4
6760,54.058,6,37,0.336518,0.120974,0.0,5
6776,54.095,6,211,0.430159,0.461804,0.490674,1
6799,54.182,6,260,0.320098,0.311168,0.302002,2
6809,54.206,6,309,0.514327,0.57386,0.623881,3
6818,54.231,6,320,0.468168,0.488508,0.507876,5
6829,54.28,6,39,0.247972,0.0,0.0,5
6830,54.28,6,60,0.370466,0.405851,0.436916,3
6854,54.391,6,89,0.445256,0.456101,0.466669,1
6873,54.49,6,129,0.503467,0.528499,0.552139,1
6879,54.502,6,288,0.319997,0.216741,0.091752,1
6927,54.687,6,178,0.193822,0.074003,0.0,3
6965,54.823,6,231,0.305813,0.126683,0.0,1
6969,54.848,6,168,0.336661,0.315408,0.292957,4
6974,54.872,6,209,0.32595,0.10718,0.0,2
6975,54.872,6,279,0.359969,0.31734,0.270558,2
7017,55.032,6,83,0.438241,0.431808,0.425283,4
7032,55.082,6,62,0.439479,0.440993,0.442502,4
7038,55.106,6,12,0.274813,0.207496,0.128548,3
7315,56.154,7,9,0.318024,0.267422,0.210544,4
7321,56.179,7,212,0.378129,0.406236,0.431846,4
7322,56.179,7,319,0.451853,0.39907,0.341204,1
7337,56.228,7,263,0.329163,0.320384,0.311383,2
7374,56.352,7,31,0.503482,0.544646,0.581697,2
7379,56.352,7,268,0.48476,0.479899,0.47499,4
7380,56.352,7,280,0.308438,0.205097,0.079434,2
7411,56.475,7,25,0.323748,0.166386,0.0,3
7426,56.512,7,335,0.462326,0.449996,0.437353,3
7436,56.598,7,15,0.252092,0.141734,0.002889,2
7444,56.611,7,202,0.449049,0.477836,0.50448,1
7449,56.635,7,22,0.320045,0.248332,0.165023,5
7470,56.709,7,30,0.336902,0.163509,0.0,2
7501,56.833,7,151,0.216586,0.0,0.0,4
7506,56.845,7,297,0.426251,0.440388,0.454022,5
7515,56.882,7,254,0.25878,0.05846,0.0,2
7520,56.907,7,43,0.34373,0.24267,0.121684,5
7521,56.907,7,54,0.396426,0.366945,0.335539,4
7522,56.907,7,80,0.310721,0.289374,0.266729,1
7526,56.907,7,262,0.313642,0.267047,0.214983,3
7533,56.931,7,307,0.459784,0.462369,0.464939,1
7534,56.944,7,187,0.254532,0.001094,0.0,3
7541,56.981,7,316,0.546897,0.59949,0.645604,2
7549,57.005,7,312,0.426718,0.454418,0.480027,4
7584,57.116,7,126,0.346124,0.240285,0.11299,1
7594,57.141,7,317,0.219145,0.026468,0.0,2
7598,57.165,7,52,0.470934,0.451268,0.430841,2
7609,57.215,7,41,0.248475,0.020282,0.0,5
7613,57.227,7,245,0.292748,0.107436,0.0,2
7621,57.252,7,246,0.463984,0.483293,0.501722,2
7630,57.289,7,331,0.28806,0.291223,0.29435,2
7636,57.326,7,4,0.535113,0.5757,0.612591,1
7663,57.424,7,17,0.382394,0.240509,0.065774,3
7665,57.424,7,191,0.286752,0.255534,0.221483,1
7672,57.449,7,203,0.31634,0.298959,0.280714,2
7684,57.474,7,69,0.254471,0.034381,0.0,4
7693,57.511,7,332,0.458519,0.484875,0.509504,1
7713,57.597,7,323,0.351793,0.230382,0.082207,4
7718,57.634,7,49,0.214345,0.128433,0.021583,2
7722,57.646,7,23,0.308311,0.065606,0.0,2
8013,58.657,8,285,0.292535,0.172018,0.021595,1
8020,58.682,8,310,0.413623,0.379877,0.343741,4
8021,58.694,8,7,0.187808,0.081085,0.0,2
8027,58.707,8,247,0.330679,0.131075,0.0,4
8045,58.781,8,210,0.302606,0.033626,0.0,4
8049,58.793,8,278,0.379937,0.364071,0.347591,2
8054,58.805,8,176,0.369613,0.274289,0.161861,1
8055,58.805,8,311,0.40033,0.379941,0.358606,5
8067,58.855,8,265,0.426303,0.456013,0.483282,3
8092,58.953,8,13,0.348542,0.198995,0.011343,5
8117,59.027,8,302,0.558188,0.622191,0.676111,1
8124,59.052,8,188,0.276312,0.176689,0.054441,4
8150,59.151,8,137,0.274243,0.0,0.0,6
8155,59.151,8,328,0.353162,0.323832,0.292393,4
8158,59.175,8,184,0.370672,0.404851,0.435047,1
8200,59.335,8,57,0.385521,0.319304,0.244362,3
8213,59.385,8,182,0.308506,0.106214,0.0,2
8218,59.397,8,190,0.225823,0.070704,0.0,4
8219,59.397,8,205,0.318651,0.358003,0.390413,1
8230,59.446,8,326,0.358908,0.359356,0.359804,5
8243,59.508,8,161,0.18302,0.0,0.0,4
8256,59.545,8,223,0.366778,0.351461,0.335552,5
8259,59.557,8,84,0.425149,0.417402,0.409519,3
8261,59.57,8,21,0.461376,0.433519,0.404154,3
8280,59.631,8,75,0.429191,0.408469,0.386831,4
8285,59.656,8,144,0.286387,0.307237,0.32628,4
8286,59.656,8,159,0.222081,0.0,0.0,6
8289,59.656,8,282,0.333156,0.324678,0.315995,3
8334,59.829,8,252,0.349293,0.364469,0.378919,3
8342,59.841,8,273,0.404845,0.31163,0.203033,2
8347,59.853,8,174,0.328547,0.258256,0.17699,4
8356,59.89,8,46,0.480542,0.488336,0.495999,1
8358,59.89,8,225,0.276693,0.226088,0.168479,5
8381,59.977,8,130,0.322677,0.330858,0.338821,2
8383,59.977,8,217,0.466385,0.439498,0.411215,1
8384,59.989,8,11,0.345626,0.313324,0.278449,5
8392,60.001,8,138,0.399573,0.347012,0.288865,6
8399,60.026,8,68,0.355584,0.378667,0.400007,5
8400,60.026,8,207,0.479548,0.511065,0.540167,2
8414,60.063,8,153,0.449112,0.48385,0.515348,4
8440,60.162,8,28,0.448877,0.454752,0.460549,5
8452,60.186,8,6,0.312223,0.091496,0.0,4
8454,60.186,8,199,0.361811,0.312396,0.257566,1
8479,60.26,8,303,0.418806,0.368532,0.313306,1
8491,60.31,8,67,0.303732,0.215842,0.110818,2
8521,60.433,8,289,0.234539,0.230266,0.225917,1
8551,60.556,8,8,0.461866,0.494055,0.523599,2
8558,60.581,8,164,0.350972,0.349454,0.347929,4
8579,60.642,8,330,0.577714,0.649626,0.708693,4
8599,60.716,8,296,0.354142,0.350998,0.347827,5
8614,60.766,8,72,0.180714,0.163552,0.145003,1
8615,60.766,8,251,0.27783,0.272767,0.267616,1
8617,60.778,8,27,0.451769,0.467184,0.482034,5
8619,60.778,8,63,0.361829,0.39296,0.420773,5
8647,60.889,8,148,0.341289,0.172187,0.0,3
8653,60.901,8,74,0.248941,0.247016,0.245076,4
8664,60.926,8,70,0.47071,0.491588,0.511445,4
8689,60.988,8,90,0.479422,0.461854,0.443685,1
8697,61.0,8,214,0.306042,0.188397,0.042862,2
8736,61.136,8,219,0.259715,0.191595,0.111101,3
8740,61.148,8,65,0.434158,0.394236,0.351177,3
8743,61.148,8,158,0.244403,0.192115,0.131661,3
8770,61.247,8,55,0.480711,0.505033,0.527977,2
8777,61.284,8,146,0.243683,0.0,0.0,5
8793,61.37,8,192,0.295814,0.249271,0.197008,5
8805,61.407,8,239,0.259967,0.186533,0.099028,4
8807,61.407,8,315,0.483671,0.490002,0.496248,3
8846,61.567,8,152,0.311261,0.192449,0.045601,3
8851,61.579,8,79,0.238335,0.18924,0.132697,4
8897,61.727,8,290,0.372032,0.326163,0.275674,4
8919,61.801,8,258,0.264772,0.162992,0.037082,5
8924,61.814,8,241,0.28382,0.074998,0.0,1
8961,61.9,8,58,0.426954,0.390868,0.352148,5
8967,61.912,8,45,0.387605,0.316715,0.236014,5
8973,61.925,8,56,0.427353,0.374663,0.316666,3
8978,61.925,8,321,0.436816,0.453373,0.469248,3
8984,61.937,8,237,0.278795,0.037667,0.0,2
9015,62.036,8,221,0.226953,0.157554,0.074088,4
9317,63.059,9,209,0.389482,0.268524,0.122777,2
9328,63.096,9,168,0.256377,0.127721,0.0,4
9350,63.195,9,173,0.312275,0.130462,0.0,2
9356,63.207,9,129,0.341154,0.166675,0.0,1
9368,63.244,9,309,0.408636,0.371061,0.330533,4
9370,63.256,9,62,0.409379,0.378935,0.346503,1
9372,63.256,9,211,0.310483,0.207231,0.081791,1
9384,63.306,9,179,0.184892,0.0,0.0,2
9391,63.343,9,2,0.14769,0.108953,0.063179,1
9404,63.392,9,150,0.259732,0.125213,0.0,1
9456,63.552,9,338,0.450304,0.474653,0.497514,5
9468,63.602,9,270,0.281449,0.0,0.0,3
9469,63.614,9,82,0.461186,0.497201,0.529817,5
9504,63.725,9,78,0.304716,0.088058,0.0,3
9505,63.725,9,181,0.202305,0.0,0.0,2
9512,63.737,9,305,0.415885,0.344453,0.263608,2
9529,63.787,9,142,0.339257,0.140537,0.0,5
9550,63.836,9,287,0.391171,0.279781,0.146922,4
9561,63.86,9,295,0.261668,0.057974,0.0,3
9589,63.959,9,281,0.360912,0.231724,0.073341,2
9612,64.033,9,227,0.287869,0.0,0.0,3
9629,64.095,9,169,0.302713,0.130695,0.0,5
9662,64.23,9,20,0.304988,0.038299,0.0,4
9664,64.23,9,83,0.513642,0.571973,0.621244,5
9665,64.23,9,308,0.316145,0.082216,0.0,1
9670,64.243,9,87,0.440892,0.410602,0.378471,4
9672,64.243,9,215,0.361578,0.232151,0.073476,3
9678,64.28,9,186,0.359044,0.201866,0.004115,6
9688,64.304,9,193,0.22348,0.004512,0.0,4
9691,64.317,9,66,0.273894,0.0,0.0,3
9696,64.317,9,292,0.250392,0.0,0.0,1
9698,64.329,9,143,0.251506,0.0,0.0,1
9709,64.378,9,151,0.148751,0.0,0.0,4
9712,64.378,9,216,0.379556,0.285771,0.175678,4
9729,64.44,9,269,0.298389,0.20572,0.094062,6
9731,64.452,9,50,0.527047,0.575646,0.618581,5
9736,64.477,9,167,0.339419,0.173379,0.0,3
9778,64.625,9,33,0.321468,0.139903,0.0,2
9784,64.637,9,77,0.277154,0.265936,0.254298,1
9791,64.662,9,232,0.286577,0.0,0.0,1
9804,64.711,9,26,0.327358,0.179222,0.0,6
9851,64.835,9,15,0.186551,0.0,0.0,2
9859,64.859,9,35,0.285328,0.07777,0.0,4
9865,64.872,9,201,0.339194,0.17956,0.0,1
9868,64.884,9,257,0.31394,0.141983,0.0,1
9879,64.933,9,9,0.212185,0.0,0.0,4
9885,64.958,9,40,0.356295,0.241326,0.10216,5
9891,64.982,9,280,0.299716,0.183692,0.040033,3
9901,65.032,9,30,0.400176,0.317744,0.222806,3
9902,65.032,9,51,0.407042,0.407999,0.408953,4
9941,65.118,9,175,0.377706,0.371272,0.364731,5
9975,65.254,9,69,0.194893,0.0,0.0,4
10021,65.439,9,64,0.318372,0.353636,0.383617,2
10032,65.451,9,245,0.258209,0.013252,0.0,3
10033,65.463,9,14,0.379756,0.313132,0.237581,4
10037,65.463,9,248,0.527499,0.567109,0.603158,1
10039,65.476,9,41,0.403241,0.394446,0.385467,6
10048,65.513,9,80,0.218303,0.067481,0.0,3
10055,65.525,9,19,0.31989,0.325409,0.330829,2
10063,65.55,9,162,0.253563,0.037842,0.0,3
10403,66.585,10,52,0.399257,0.291883,0.164648,3
10408,66.598,10,155,0.397375,0.294892,0.174019,5
10418,66.61,10,329,0.445162,0.447665,0.450153,3
10419,66.622,10,49,0.285661,0.287883,0.290088,2
10422,66.622,10,322,0.475736,0.474213,0.472685,5
10438,66.684,10,177,0.352607,0.266234,0.164937,6
10465,66.783,10,163,0.423116,0.363895,0.298052,3
10473,66.807,10,73,0.332815,0.181216,0.0,5
10479,66.82,10,203,0.283498,0.226768,0.161619,3
10481,66.82,10,272,0.31209,0.142198,0.0,2
10486,66.857,10,4,0.433447,0.369804,0.298764,1
10490,66.869,10,126,0.359117,0.271149,0.167982,1
10495,66.881,10,301,0.51986,0.552338,0.58247,4
10502,66.894,10,274,0.352151,0.357862,0.363478,3
10506,66.906,10,161,0.223943,0.0,0.0,5
10508,66.906,10,291,0.194047,0.134248,0.06226,4
10511,66.918,10,134,0.230297,0.157666,0.06999,1
10518,66.968,10,300,0.419639,0.346017,0.262532,1
10539,67.042,10,208,0.457416,0.474754,0.491378,6
10549,67.054,10,323,0.368801,0.271256,0.155883,5
10560,67.079,10,210,0.452187,0.404376,0.352331,5
10568,67.103,10,336,0.333944,0.211796,0.061638,2
10572,67.128,10,331,0.330057,0.368082,0.400074,3
10580,67.165,10,204,0.260098,0.217314,0.169083,3
10584,67.177,10,59,0.440622,0.410351,0.378239,3
10595,67.214,10,306,0.276222,0.25568,0.233798,2
10601,67.239,10,117,0.512299,0.556014,0.59512,1
10611,67.263,10,91,0.420455,0.44319,0.464535,5
10621,67.313,10,154,0.32821,0.213264,0.072724,3
10625,67.325,10,157,0.381773,0.280796,0.161366,2
10646,67.387,10,170,0.396757,0.281949,0.144759,1
10652,67.411,10,23,0.376734,0.242857,0.078874,3
10655,67.424,10,176,0.31469,0.138036,0.0,1
10674,67.448,10,313,0.307171,0.1709,0.0,4
10677,67.461,10,180,0.398593,0.292285,0.16643,4
10679,67.461,10,230,0.343172,0.239862,0.115838,4
10699,67.51,10,276,0.340115,0.259678,0.1657,3
10714,67.559,10,224,0.289031,0.211301,0.119193,3
10736,67.633,10,277,0.28204,0.222826,0.154496,1
10761,67.744,10,71,0.372376,0.268039,0.143824,3
10789,67.794,10,327,0.536098,0.56959,0.600664,1
10801,67.855,10,137,0.406457,0.315382,0.20958,7
10811,67.917,10,228,0.273099,0.298098,0.320211,1
10826,67.966,10,182,0.34016,0.188251,0.0,3
10833,67.979,10,283,0.397076,0.346817,0.291384,1
10902,68.188,10,140,0.371416,0.279642,0.17191,2
10905,68.201,10,114,0.458373,0.504495,0.544578,1
10933,68.287,10,7,0.208135,0.13255,0.039716,3
10958,68.336,10,197,0.377052,0.252599,0.101539,6
10980,68.41,10,24,0.219533,0.133952,0.027893,2
10983,68.41,10,190,0.299676,0.252526,0.19958,5
10985,68.422,10,75,0.342583,0.210891,0.04798,5
11000,68.472,10,235,0.413971,0.412646,0.411316,6
11001,68.472,10,326,0.271094,0.162437,0.027297,6
11007,68.509,10,159,0.342368,0.264246,0.173319,7
11015,68.546,10,265,0.418879,0.442247,0.464134,4
11028,68.595,10,76,0.432081,0.401178,0.368326,2
11040,68.632,10,44,0.228332,0.100939,0.0,3
11052,68.657,10,340,0.414235,0.412909,0.411579,5
11067,68.718,10,84,0.248615,0.0,0.0,3
11071,68.718,10,282,0.352837,0.36386,0.374514,3
11076,68.743,10,139,0.333577,0.353033,0.371191,1
11088,68.78,10,119,0.280999,0.058555,0.0,1
11091,68.792,10,21,0.354313,0.184296,0.0,3
11101,68.817,10,217,0.349688,0.166296,0.0,2
11127,68.903,10,184,0.262848,0.179314,0.078384,2
11135,68.916,10,247,0.39914,0.301369,0.186704,5
11138,68.928,10,11,0.254876,0.095434,0.0,6
11150,68.953,10,285,0.327901,0.25709,0.175143,1
11151,68.953,10,303,0.35392,0.216913,0.047273,2
11166,69.014,10,188,0.325451,0.290531,0.25248,5
11173,69.039,10,46,0.376288,0.260328,0.120733,2
11174,69.039,10,146,0.242726,0.0,0.0,6
11186,69.076,10,148,0.189608,0.0,0.0,4
11202,69.113,10,310,0.458525,0.47151,0.484103,5
11209,69.138,10,138,0.327713,0.176468,0.0,7
11246,69.236,10,57,0.483961,0.520302,0.553375,3
11247,69.236,10,252,0.266151,0.185398,0.088365,3
11250,69.249,10,174,0.42479,0.457009,0.486295,5
11254,69.261,10,278,0.307653,0.200692,0.070035,3
11263,69.273,10,302,0.424021,0.358804,0.285716,1
11267,69.286,10,223,0.390039,0.398362,0.4065,6
11268,69.298,10,185,0.333801,0.176706,0.0,6
11582,70.309,11,149,0.151864,0.0,0.0,2
11607,70.383,11,214,0.402533,0.40392,0.405303,2
11614,70.408,11,133,0.232794,0.100508,0.0,5
11615,70.408,11,136,0.260596,0.050824,0.0,1
11628,70.457,11,65,0.533393,0.587397,0.634269,4
11636,70.482,11,107,0.246831,0.078258,0.0,1
11654,70.531,11,286,0.28574,0.071901,0.0,4
11666,70.568,11,260,0.198001,0.015173,0.0,3
11702,70.679,11,81,0.168935,0.084159,0.0,5
11709,70.691,11,267,0.251524,0.0,0.0,2
11787,70.876,11,221,0.302997,0.320158,0.336212,5
11804,70.962,11,37,0.359754,0.181504,0.0,7
11812,70.987,11,172,0.296993,0.037295,0.0,1
11814,70.987,11,192,0.333199,0.329087,0.324924,6
11839,71.049,11,179,0.339112,0.187671,0.0,3
11884,71.221,11,256,0.1948,0.0,0.0,1
11909,71.295,11,339,0.543813,0.619176,0.678405,5
11931,71.369,11,39,0.264059,0.0,0.0,7
11935,71.369,11,231,0.280789,0.059749,0.0,3
11953,71.419,11,270,0.257916,0.0,0.0,4
11970,71.505,11,58,0.509152,0.5526,0.591465,6
11972,71.505,11,156,0.334765,0.218379,0.076207,3
11982,71.53,11,209,0.306944,0.055712,0.0,3
11986,71.542,11,168,0.297112,0.227467,0.146174,5
11991,71.542,11,288,0.288548,0.138165,0.0,3
11993,71.554,11,45,0.478863,0.505984,0.531357,6
12007,71.579,11,295,0.240252,0.0,0.0,3
12012,71.604,11,12,0.2796,0.218656,0.148059,5
12016,71.604,11,321,0.444257,0.46751,0.489395,4
12027,71.628,11,150,0.280728,0.178045,0.051816,2
12039,71.653,11,315,0.52229,0.563077,0.600015,4
12051,71.69,11,178,0.212754,0.122691,0.009879,5
12053,71.69,11,290,0.428438,0.442648,0.456351,4
12057,71.702,11,253,0.349695,0.306007,0.257871,2
12076,71.776,11,101,0.332955,0.341397,0.349613,1
12077,71.776,11,165,0.347078,0.364943,0.381775,4
12112,71.875,11,142,0.186846,0.0,0.0,6
12115,71.875,11,236,0.465636,0.485441,0.504322,5
12117,71.875,11,279,0.375442,0.3507,0.324507,4
12118,71.887,11,48,0.347061,0.351238,0.355364,4
12120,71.887,11,151,0.348114,0.198751,0.011329,5
12123,71.899,11,99,0.314022,0.355715,0.38913,1
12135,71.949,11,271,0.49836,0.537647,0.573183,4
12142,71.973,11,181,0.296968,0.20331,0.090252,3
12155,72.01,11,255,0.464968,0.506901,0.544086,6
12166,72.035,11,242,0.409129,0.419908,0.430387,1
12179,72.072,11,334,0.476131,0.529138,0.574146,6
12187,72.097,11,194,0.440492,0.454253,0.467554,4
12205,72.158,11,100,0.232999,0.211923,0.189215,1
12252,72.306,11,249,0.533235,0.570815,0.605265,1
12266,72.356,11,193,0.300735,0.206615,0.093103,4
12282,72.405,11,173,0.405818,0.355784,0.300709,3
12287,72.417,11,233,0.464214,0.474121,0.483806,5
12291,72.43,11,129,0.499238,0.520472,0.540715,2
12305,72.467,11,287,0.335309,0.140085,0.0,5
12314,72.479,11,281,0.312326,0.10753,0.0,3
12337,72.528,11,61,0.478543,0.474843,0.471115,5
12346,72.541,11,304,0.476693,0.455551,0.433544,5
12347,72.541,11,325,0.40928,0.3948,0.379841,4
12348,72.553,11,143,0.372776,0.291522,0.1974,2
12400,72.713,11,292,0.391703,0.350897,0.306523,2
12406,72.738,11,20,0.385472,0.248489,0.080703,5
12411,72.738,11,220,0.344257,0.373633,0.399912,5
12418,72.762,11,229,0.380257,0.385632,0.39093,4
12420,72.775,11,2,0.198703,0.215092,0.229825,2
12421,72.775,11,42,0.400441,0.324934,0.238724,5
12428,72.787,11,337,0.455289,0.461726,0.468068,5
12435,72.812,11,186,0.446491,0.406104,0.362589,7
12454,72.873,11,227,0.411805,0.317839,0.208471,4
12467,72.91,11,211,0.421391,0.445613,0.468248,2
12468,72.91,11,232,0.437993,0.376689,0.308531,2
12472,72.923,11,9,0.280598,0.17943,0.055286,5
12842,73.995,12,145,0.256012,0.0,0.0,4
12852,74.045,12,162,0.314427,0.196927,0.052093,4
12888,74.156,12,244,0.411613,0.402139,0.392456,6
12896,74.168,12,196,0.388088,0.417815,0.444803,6
12921,74.23,12,317,0.237795,0.077263,0.0,3
12939,74.279,12,248,0.401426,0.304799,0.19169,2
12960,74.328,12,41,0.27678,0.097404,0.0,6
12971,74.353,12,284,0.36566,0.305513,0.237707,1
12985,74.402,12,268,0.49887,0.507989,0.516936,6
13022,74.526,12,238,0.282662,0.0116,0.0,3
13048,74.612,12,47,0.252131,0.0,0.0,3
13067,74.649,12,243,0.30768,0.069507,0.0,2
13094,74.711,12,43,0.357493,0.275181,0.179286,6
13103,74.748,12,25,0.364882,0.267564,0.152354,5
13107,74.76,12,10,0.220896,0.04209,0.0,4
13116,74.772,12,202,0.437467,0.456074,0.473812,2
13126,74.785,12,212,0.352722,0.358076,0.363347,5
13140,74.834,12,77,0.252256,0.212118,0.167003,2
13144,74.846,12,307,0.448635,0.439925,0.431053,2
13191,75.006,12,198,0.31208,0.065031,0.0,2
13196,75.031,12,73,0.159699,0.0,0.0,5
13205,75.043,12,222,0.26561,0.260454,0.255201,5
13207,75.043,12,275,0.397664,0.363468,0.326736,1
13213,75.068,12,250,0.304479,0.203224,0.080209,3
13219,75.08,12,218,0.173625,0.0,0.0,4
13231,75.117,12,64,0.239797,0.197727,0.15002,3
13233,75.117,12,293,0.417956,0.358028,0.291267,5
13244,75.142,12,3,0.14427,0.0,0.0,5
13254,75.154,12,141,0.31177,0.081078,0.0,6
13256,75.154,12,234,0.272694,0.130573,0.0,4
13276,75.216,12,319,0.461275,0.419551,0.374595,3
13289,75.265,12,200,0.319625,0.248006,0.164807,1
13297,75.29,12,52,0.542069,0.588707,0.630375,4
13308,75.327,12,335,0.425519,0.37166,0.312257,4
13310,75.339,12,166,0.238774,0.096363,0.0,5
13311,75.339,12,183,0.289316,0.036331,0.0,4
13320,75.364,12,263,0.284614,0.223151,0.152022,4
13321,75.364,12,297,0.393858,0.37536,0.356064,6
13325,75.376,12,54,0.380442,0.332288,0.279178,6
13335,75.401,12,155,0.336716,0.144208,0.0,6
13354,75.463,12,88,0.206336,0.0,0.0,6
13360,75.475,12,31,0.463397,0.468975,0.474484,4
13388,75.574,12,262,0.330186,0.303247,0.2744,4
13391,75.574,12,294,0.350299,0.391777,0.426398,2
13396,75.586,12,163,0.276315,0.0,0.0,4
13399,75.598,12,22,0.395373,0.408486,0.421132,7
13408,75.598,12,300,0.32403,0.110314,0.0,2
13413,75.611,12,191,0.269622,0.217235,0.157248,3
13416,75.635,12,17,0.358124,0.179547,0.0,5
13426,75.648,12,160,0.252127,0.030452,0.0,2
13438,75.685,12,161,0.300736,0.092963,0.0,5
13447,75.709,12,323,0.486356,0.51871,0.548549,6
13448,75.722,12,49,0.211203,0.120583,0.006873,3
13451,75.722,12,204,0.16693,0.0,0.0,3
13455,75.734,12,203,0.374645,0.411156,0.443089,4
13474,75.796,12,23,0.450005,0.411308,0.369742,4
13487,75.833,12,154,0.253325,0.016866,0.0,4
13505,75.907,12,206,0.319229,0.307935,0.296268,1
13519,75.944,12,128,0.34255,0.177116,0.0,1
13525,75.956,12,29,0.279441,0.189954,0.081732,3
13530,75.956,12,312,0.384497,0.371861,0.358835,5
13539,75.981,12,276,0.251716,0.034008,0.0,4
13542,75.993,12,180,0.381811,0.251971,0.093797,5
13553,76.018,12,226,0.252349,0.242136,0.231539,5
13561,76.055,12,210,0.327903,0.102664,0.0,6
13572,76.079,12,53,0.353629,0.339317,0.324467,2
13573,76.079,12,71,0.245405,0.0,0.0,4
13575,76.079,12,157,0.434591,0.399767,0.362515,3
13584,76.104,12,59,0.431781,0.391427,0.347858,4
13590,76.116,12,176,0.379099,0.296467,0.200748,2
13599,76.153,12,195,0.417603,0.412933,0.408212,7
13626,76.227,12,246,0.417746,0.390215,0.361071,4
13647,76.276,12,36,0.27177,0.183409,0.076353,6
13655,76.301,12,134,0.314655,0.33683,0.357159,2
13656,76.301,12,208,0.314239,0.153526,0.0,7
13657,76.301,12,299,0.485785,0.544312,0.592905,2
13677,76.387,12,135,0.406641,0.43779,0.466068,1
13683,76.412,12,137,0.282304,0.0,0.0,7
13685,76.412,12,274,0.240431,0.102133,0.0,4
13692,76.424,12,126,0.476054,0.513934,0.548155,2
13697,76.437,12,84,0.260608,0.019971,0.0,4
13709,76.461,12,148,0.147095,0.0,0.0,5
13716,76.474,12,264,0.288819,0.220513,0.140709,6
13719,76.486,12,301,0.477939,0.470923,0.463807,5
13733,76.535,12,4,0.543812,0.591359,0.633734,2
13741,76.548,12,316,0.486986,0.487056,0.487127,4
13748,76.572,12,291,0.259967,0.275129,0.28928,5
13765,76.634,12,272,0.402486,0.358034,0.309498,3
13771,76.646,12,322,0.503245,0.527821,0.551059,6
13780,76.671,12,91,0.274192,0.114552,0.0,6
13812,76.819,12,38,0.353715,0.290347,0.218348,4
13839,76.918,12,230,0.452129,0.473808,0.494329,4
13846,76.942,12,332,0.40271,0.373336,0.342077,3
13850,76.955,12,177,0.35119,0.262904,0.159072,7
13862,77.016,12,313,0.431924,0.447891,0.463217,5
13865,77.041,12,159,0.230251,0.0,0.0,7
13869,77.041,12,331,0.313006,0.338369,0.361227,4
13876,77.103,12,224,0.38534,0.413394,0.439017,4
